{
  "List of Data Logger": {
    "transaction": "List of Data Logger",
    "sampleCount": 2806,
    "errorCount": 0,
    "errorPct": 0,
    "meanResTime": 5056.97826086958,
    "medianResTime": 4559.5,
    "minResTime": 866,
    "maxResTime": 9572,
    "pct1ResTime": 6620.6,
    "pct2ResTime": 6828.25,
    "pct3ResTime": 7151.16,
    "throughput": 3.01071346183765,
    "receivedKBytesPerSec": 16.6317676675554,
    "sentKBytesPerSec": 4.77405210238947
  },
  "Device Historical Location Data": {
    "transaction": "Device Historical Location Data",
    "sampleCount": 2792,
    "errorCount": 0,
    "errorPct": 0,
    "meanResTime": 111.450573065903,
    "medianResTime": 92,
    "minResTime": 76,
    "maxResTime": 1135,
    "pct1ResTime": 142,
    "pct2ResTime": 177.35,
    "pct3ResTime": 500.770000000002,
    "throughput": 3.01966459226957,
    "receivedKBytesPerSec": 0.775558386491111,
    "sentKBytesPerSec": 5.14211213681828
  },
  "Asset SensorData": {
    "transaction": "Asset SensorData",
    "sampleCount": 2806,
    "errorCount": 0,
    "errorPct": 0,
    "meanResTime": 146.585531004989,
    "medianResTime": 121,
    "minResTime": 97,
    "maxResTime": 1259,
    "pct1ResTime": 175,
    "pct2ResTime": 230,
    "pct3ResTime": 721.93,
    "throughput": 3.01722052269098,
    "receivedKBytesPerSec": 10.0599394183571,
    "sentKBytesPerSec": 5.29191668201173
  },
  "Lease Details": {
    "transaction": "Lease Details",
    "sampleCount": 2789,
    "errorCount": 2789,
    "errorPct": 100,
    "meanResTime": 22.725708139118,
    "medianResTime": 17,
    "minResTime": 12,
    "maxResTime": 296,
    "pct1ResTime": 34,
    "pct2ResTime": 45,
    "pct3ResTime": 98.2999999999997,
    "throughput": 3.02781595568902,
    "receivedKBytesPerSec": 1.19456801376793,
    "sentKBytesPerSec": 5.30679256624501
  },
  "Asset Operations": {
    "transaction": "Asset Operations",
    "sampleCount": 2806,
    "errorCount": 0,
    "errorPct": 0,
    "meanResTime": 25780.9682822523,
    "medianResTime": 24752.5,
    "minResTime": 1838,
    "maxResTime": 38608,
    "pct1ResTime": 32618.9,
    "pct2ResTime": 33170.25,
    "pct3ResTime": 36245.37,
    "throughput": 3.01207082552854,
    "receivedKBytesPerSec": 36.7064043991557,
    "sentKBytesPerSec": 20.1439050281241
  },
  "Data Logger SensorData By Sensortype": {
    "transaction": "Data Logger SensorData By Sensortype",
    "sampleCount": 2792,
    "errorCount": 0,
    "errorPct": 0,
    "meanResTime": 113.939828080229,
    "medianResTime": 95,
    "minResTime": 76,
    "maxResTime": 1272,
    "pct1ResTime": 145,
    "pct2ResTime": 190,
    "pct3ResTime": 497.560000000001,
    "throughput": 3.01966785816646,
    "receivedKBytesPerSec": 0.7755592252908,
    "sentKBytesPerSec": 5.14989762520211
  },
  "Data Logger Details": {
    "transaction": "Data Logger Details",
    "sampleCount": 2793,
    "errorCount": 0,
    "errorPct": 0,
    "meanResTime": 310.187253848908,
    "medianResTime": 317,
    "minResTime": 36,
    "maxResTime": 1020,
    "pct1ResTime": 399,
    "pct2ResTime": 412,
    "pct3ResTime": 464,
    "throughput": 3.02052072349745,
    "receivedKBytesPerSec": 2.70210648335902,
    "sentKBytesPerSec": 4.83820117541298
  },
  "List of Leases": {
    "transaction": "List of Leases",
    "sampleCount": 2791,
    "errorCount": 0,
    "errorPct": 0,
    "meanResTime": 50.8921533500538,
    "medianResTime": 46,
    "minResTime": 33,
    "maxResTime": 243,
    "pct1ResTime": 66,
    "pct2ResTime": 76,
    "pct3ResTime": 133,
    "throughput": 3.01867120062212,
    "receivedKBytesPerSec": 0.852293525282859,
    "sentKBytesPerSec": 5.24901379945629
  },
  "Lease Operations": {
    "transaction": "Lease Operations",
    "sampleCount": 2791,
    "errorCount": 2789,
    "errorPct": 99.928345,
    "meanResTime": 73.6022930849159,
    "medianResTime": 66,
    "minResTime": 46,
    "maxResTime": 473,
    "pct1ResTime": 97,
    "pct2ResTime": 118.4,
    "pct3ResTime": 181.08,
    "throughput": 3.01861243330878,
    "receivedKBytesPerSec": 2.04236045710996,
    "sentKBytesPerSec": 10.5357821181147
  },
  "Data Logger ExcursionData": {
    "transaction": "Data Logger ExcursionData",
    "sampleCount": 2791,
    "errorCount": 0,
    "errorPct": 0,
    "meanResTime": 112.939448226442,
    "medianResTime": 95,
    "minResTime": 78,
    "maxResTime": 1351,
    "pct1ResTime": 146,
    "pct2ResTime": 183,
    "pct3ResTime": 420.32,
    "throughput": 3.01851775745004,
    "receivedKBytesPerSec": 3.72598285685239,
    "sentKBytesPerSec": 5.17553220504831
  },
  "Asset Details": {
    "transaction": "Asset Details",
    "sampleCount": 2808,
    "errorCount": 0,
    "errorPct": 0,
    "meanResTime": 313.901709401709,
    "medianResTime": 321.5,
    "minResTime": 62,
    "maxResTime": 3877,
    "pct1ResTime": 400,
    "pct2ResTime": 413.55,
    "pct3ResTime": 484.73,
    "throughput": 3.01773240193444,
    "receivedKBytesPerSec": 2.55676131783987,
    "sentKBytesPerSec": 4.89127464232939
  },
  "Total": {
    "transaction": "Total",
    "sampleCount": 36544,
    "errorCount": 2789,
    "errorPct": 7.631896,
    "meanResTime": 2484.04353655868,
    "medianResTime": 108,
    "minResTime": 12,
    "maxResTime": 38028,
    "pct1ResTime": 6175.9,
    "pct2ResTime": 20558.85,
    "pct3ResTime": 31281.94,
    "throughput": 38.8670030375482,
    "receivedKBytesPerSec": 72.8506503664122,
    "sentKBytesPerSec": 65.7383795967378
  },
  "Asset ExcursionData": {
    "transaction": "Asset ExcursionData",
    "sampleCount": 2806,
    "errorCount": 0,
    "errorPct": 0,
    "meanResTime": 115.529935851746,
    "medianResTime": 95,
    "minResTime": 78,
    "maxResTime": 1161,
    "pct1ResTime": 142,
    "pct2ResTime": 193,
    "pct3ResTime": 553.459999999996,
    "throughput": 3.01729838887449,
    "receivedKBytesPerSec": 3.72447769876695,
    "sentKBytesPerSec": 5.30309190252976
  },
  "List of Assets": {
    "transaction": "List of Assets",
    "sampleCount": 2889,
    "errorCount": 0,
    "errorPct": 0,
    "meanResTime": 25055.1287642783,
    "medianResTime": 23956,
    "minResTime": 892,
    "maxResTime": 38028,
    "pct1ResTime": 31947,
    "pct2ResTime": 32490,
    "pct3ResTime": 35614.7,
    "throughput": 3.08661760557963,
    "receivedKBytesPerSec": 20.8985393322051,
    "sentKBytesPerSec": 4.80096590851421
  },
  "Device Latest Location Data": {
    "transaction": "Device Latest Location Data",
    "sampleCount": 2792,
    "errorCount": 0,
    "errorPct": 0,
    "meanResTime": 57.2757879656161,
    "medianResTime": 42,
    "minResTime": 31,
    "maxResTime": 777,
    "pct1ResTime": 82.7000000000003,
    "pct2ResTime": 114,
    "pct3ResTime": 345.280000000001,
    "throughput": 3.01979196748316,
    "receivedKBytesPerSec": 1.00856333288988,
    "sentKBytesPerSec": 4.91230582464548
  },
  "Device Operations": {
    "transaction": "Device Operations",
    "sampleCount": 2791,
    "errorCount": 0,
    "errorPct": 0,
    "meanResTime": 5765.19742027947,
    "medianResTime": 5355,
    "minResTime": 1229,
    "maxResTime": 10348,
    "pct1ResTime": 7375.6,
    "pct2ResTime": 7598.6,
    "pct3ResTime": 8200.76,
    "throughput": 2.99549977407642,
    "receivedKBytesPerSec": 25.4641042452167,
    "sentKBytesPerSec": 29.7665139284434
  },
  "Get Access Token": {
    "transaction": "Get Access Token",
    "sampleCount": 2889,
    "errorCount": 0,
    "errorPct": 0,
    "meanResTime": 141.784008307373,
    "medianResTime": 90,
    "minResTime": 31,
    "maxResTime": 3977,
    "pct1ResTime": 233,
    "pct2ResTime": 271,
    "pct3ResTime": 1862.8,
    "throughput": 3.0887923559606,
    "receivedKBytesPerSec": 8.59382141629522,
    "sentKBytesPerSec": 5.77711888055066
  }
}